Workbook

Sheet Landing
A1: Hello and welcome to the master spreadsheet where everything is all in one place this is created by thermo with help from (kayzee, borger, 1vcian and other community members) | G1: This colour means you can change this cell without breaking anything
G4: This colour is an output slot for the calculators (DO NOT CHANGE) if you do change this cell you will need to recopy the spreadsheet

Sheet Profile Comparison
A1: Current Gear | D1: ='Profile 1'!$C10 -> Ranged | F1: Profile 2 | I1: ='Profile 2'!$C10 -> Ranged | K1: Profile 3 | N1: ='Profile 3'!$C10 -> Ranged
A2: Build Damage | B2: ='Profile 1'!$C20 -> 1005477 | C2: Shown Damage | D2: =B2+$D20+(B2*($B23/100)) -> 1025177 | E2: =IF(D2>=1000000000, IF(D2/1000000000>=100,TEXT(D2/1000000000,"0")&"B", IF(D2/1000000000>=10,TEXT(D2/1000000000,"0.0")&"B", TEXT(D2/1000000000,"0.00")&"B")), IF(D2>=1000000, IF(D2/1000000>=100,TEXT(D2/1000000,"0")&"M", IF(D2/1000000>=10,TEXT(D2/1000000,"0.0")&"M", TEXT(D2/1000000,"0.00")&"M")), IF(D2>=1000, IF(D2/1000>=100,TEXT(D2/1000,"0")&"K", IF(D2/1000>=10,TEXT(D2/1000,"0.0")&"K", TEXT(D2/1000,"0.00")&"K")), TEXT(D2,"0")))) -> 1.03M | F2: Build Damage | G2: ='Profile 2'!$C20 -> 1005477 | H2: Shown Damage | I2: =G2+$D20+(G2*($B23/100)) -> 1025177 | J2: =IF(I2>=1000000000, IF(I2/1000000000>=100,TEXT(I2/1000000000,"0")&"B", IF(I2/1000000000>=10,TEXT(I2/1000000000,"0.0")&"B", TEXT(I2/1000000000,"0.00")&"B")), IF(I2>=1000000, IF(I2/1000000>=100,TEXT(I2/1000000,"0")&"M", IF(I2/1000000>=10,TEXT(I2/1000000,"0.0")&"M", TEXT(I2/1000000,"0.00")&"M")), IF(I2>=1000, IF(I2/1000>=100,TEXT(I2/1000,"0")&"K", IF(I2/1000>=10,TEXT(I2/1000,"0.0")&"K", TEXT(I2/1000,"0.00")&"K")), TEXT(I2,"0")))) -> 1.03M | K2: Build Damage | L2: ='Profile 3'!$C20 -> 1005477 | M2: Shown Damage | N2: =L2+$D20+(L2*($B23/100)) -> 1025177 | O2: =IF(N2>=1000000000, IF(N2/1000000000>=100,TEXT(N2/1000000000,"0")&"B", IF(N2/1000000000>=10,TEXT(N2/1000000000,"0.0")&"B", TEXT(N2/1000000000,"0.00")&"B")), IF(N2>=1000000, IF(N2/1000000>=100,TEXT(N2/1000000,"0")&"M", IF(N2/1000000>=10,TEXT(N2/1000000,"0.0")&"M", TEXT(N2/1000000,"0.00")&"M")), IF(N2>=1000, IF(N2/1000>=100,TEXT(N2/1000,"0")&"K", IF(N2/1000>=10,TEXT(N2/1000,"0.0")&"K", TEXT(N2/1000,"0.00")&"K")), TEXT(N2,"0")))) -> 1.03M
A3: Build Health | B3: ='Profile 1'!$D20 -> 5623810 | C3: Shown Health | D3: =B3+$D21+(B3*($B24/100)) -> 5838048.1 | E3: =IF(D3>=1000000000, IF(D3/1000000000>=100,TEXT(D3/1000000000,"0")&"B", IF(D3/1000000000>=10,TEXT(D3/1000000000,"0.0")&"B", TEXT(D3/1000000000,"0.00")&"B")), IF(D3>=1000000, IF(D3/1000000>=100,TEXT(D3/1000000,"0")&"M", IF(D3/1000000>=10,TEXT(D3/1000000,"0.0")&"M", TEXT(D3/1000000,"0.00")&"M")), IF(D3>=1000, IF(D3/1000>=100,TEXT(D3/1000,"0")&"K", IF(D3/1000>=10,TEXT(D3/1000,"0.0")&"K", TEXT(D3/1000,"0.00")&"K")), TEXT(D3,"0")))) -> 5.84M | F3: Build Health | G3: ='Profile 2'!$D20 -> 5623810 | H3: Shown Health | I3: =G3+$D21+(G3*($B24/100)) -> 5838048.1 | J3: =IF(I3>=1000000000, IF(I3/1000000000>=100,TEXT(I3/1000000000,"0")&"B", IF(I3/1000000000>=10,TEXT(I3/1000000000,"0.0")&"B", TEXT(I3/1000000000,"0.00")&"B")), IF(I3>=1000000, IF(I3/1000000>=100,TEXT(I3/1000000,"0")&"M", IF(I3/1000000>=10,TEXT(I3/1000000,"0.0")&"M", TEXT(I3/1000000,"0.00")&"M")), IF(I3>=1000, IF(I3/1000>=100,TEXT(I3/1000,"0")&"K", IF(I3/1000>=10,TEXT(I3/1000,"0.0")&"K", TEXT(I3/1000,"0.00")&"K")), TEXT(I3,"0")))) -> 5.84M | K3: Build Health | L3: ='Profile 3'!$D20 -> 5623810 | M3: Shown Health | N3: =L3+$D21+(L3*($B24/100)) -> 5838048.1 | O3: =IF(N3>=1000000000, IF(N3/1000000000>=100,TEXT(N3/1000000000,"0")&"B", IF(N3/1000000000>=10,TEXT(N3/1000000000,"0.0")&"B", TEXT(N3/1000000000,"0.00")&"B")), IF(N3>=1000000, IF(N3/1000000>=100,TEXT(N3/1000000,"0")&"M", IF(N3/1000000>=10,TEXT(N3/1000000,"0.0")&"M", TEXT(N3/1000000,"0.00")&"M")), IF(N3>=1000, IF(N3/1000>=100,TEXT(N3/1000,"0")&"K", IF(N3/1000>=10,TEXT(N3/1000,"0.0")&"K", TEXT(N3/1000,"0.00")&"K")), TEXT(N3,"0")))) -> 5.84M
A4: Crit chance | B4: ='Profile 1'!$B19 -> 0 | C4: Total Damage | D4: =D2+(D2*(B10/100))+IF(D1="Melee", (D2*(B11/100)), (D2*(B12/100))) -> 1639668.1 | F4: Crit chance | G4: ='Profile 2'!$B19 -> 0 | H4: Total Damage | I4: =I2+(I2*(G10/100))+IF(I1="Melee", (I2*(G11/100)), (I2*(G12/100))) -> 1639668.1 | K4: Crit chance | L4: ='Profile 3'!$B19 -> 0 | M4: Total Damage | N4: =N2+(N2*(L10/100))+IF(N1="Melee", (N2*(L11/100)), (N2*(L12/100))) -> 1639668.1
A5: Crit damage | B5: ='Profile 1'!$B20 -> 0 | C5: Total Health | D5: =D3+(D3*(B14/100)) -> 5838048.1 | F5: Crit damage | G5: ='Profile 2'!$B20 -> 0 | H5: Total Health | I5: =I3+(I3*(G14/100)) -> 5838048.1 | K5: Crit damage | L5: ='Profile 3'!$B20 -> 0 | M5: Total Health | N5: =N3+(N3*(L14/100)) -> 5838048.1
A6: Block chance | B6: ='Profile 1'!$B21 -> 0 | F6: Block chance | G6: ='Profile 2'!$B21 -> 0 | K6: Block chance | L6: ='Profile 3'!$B21 -> 0
A7: Regen | B7: ='Profile 1'!$B22 -> 0 | F7: Regen | G7: ='Profile 2'!$B22 -> 0 | K7: Regen | L7: ='Profile 3'!$B22 -> 0
A8: Lifesteal | B8: ='Profile 1'!$B23 -> 44.79 | F8: Lifesteal | G8: ='Profile 2'!$B23 -> 44.79 | K8: Lifesteal | L8: ='Profile 3'!$B23 -> 44.79
A9: Double chance | B9: ='Profile 1'!$B24 -> 65.75 | F9: Double chance | G9: ='Profile 2'!$B24 -> 65.75 | K9: Double chance | L9: ='Profile 3'!$B24 -> 65.75
A10: Damage | B10: ='Profile 1'!$B27 -> 40.3 | F10: Damage | G10: ='Profile 2'!$B27 -> 40.3 | K10: Damage | L10: ='Profile 3'!$B27 -> 40.3
A11: Melee Dmg | B11: ='Profile 1'!$B25 -> 0 | F11: Melee Dmg | G11: ='Profile 2'!$B25 -> 0 | K11: Melee Dmg | L11: ='Profile 3'!$B25 -> 0
A12: Ranged Dmg | B12: ='Profile 1'!$B26 -> 19.64 | F12: Ranged Dmg | G12: ='Profile 2'!$B26 -> 19.64 | K12: Ranged Dmg | L12: ='Profile 3'!$B26 -> 19.64
A13: Attack speed | B13: ='Profile 1'!$B28 -> 74.38 | F13: Attack speed | G13: ='Profile 2'!$B28 -> 74.38 | K13: Attack speed | L13: ='Profile 3'!$B28 -> 74.38
A14: Health | B14: ='Profile 1'!$B29 -> 0 | F14: Health | G14: ='Profile 2'!$B29 -> 0 | K14: Health | L14: ='Profile 3'!$B29 -> 0
A15: Skill damage | B15: ='Profile 1'!$B30 -> 2.29 | F15: Skill damage | G15: ='Profile 2'!$B30 -> 2.29 | K15: Skill damage | L15: ='Profile 3'!$B30 -> 2.29
A16: Skill cooldown | B16: ='Profile 1'!$B31 -> 15.74 | F16: Skill cooldown | G16: ='Profile 2'!$B31 -> 15.74 | K16: Skill cooldown | L16: ='Profile 3'!$B31 -> 15.74
A19: Skills
A20: Base Damage | B20: 19.7 | C20: K | D20: =If(or(C20="k",C20="m"),if(C20="k",B20*1000,B20*1000000),B20*1000000000) -> 19700 | I20: Regen/sec | J20: =Regenlifestealdps!D15 -> 0 | K20: =Regenlifestealdps!D16 -> 0 | L20: =Regenlifestealdps!D17 -> 0
A21: Base Health | B21: 158 | C21: K | D21: =If(or(C21="k",C21="m"),if(C21="k",B21*1000,B21*1000000),B21*1000000000) -> 158000 | K21: =K20/J20 -> #DIV/0! | L21: =L20/J20 -> #DIV/0!
A22: Skins | I22: Lifesteal HP/sec | J22: =Regenlifestealdps!G24 -> 1106618 | K22: =Regenlifestealdps!H24 -> 1106618 | L22: =Regenlifestealdps!I24 -> 1106618
A23: Damage % | B23: 0 | K23: =K22/J22 -> 1 | L23: =L22/J22 -> 1
A24: Health % | B24: 1 | I24: Dmg/sec | J24: =Regenlifestealdps!G25 -> 2470681.7 | K24: =Regenlifestealdps!H25 -> 2470681.7 | L24: =Regenlifestealdps!I25 -> 2470681.7
K25: =K24/J24 -> 1 | L25: =L24/J24 -> 1
I26: Heal/sec | J26: =J20+J22 -> 1106618 | K26: =K20+K22 -> 1106618 | L26: =L20+L22 -> 1106618
K27: =K26/J26 -> 1 | L27: =L26/J26 -> 1
A50: Forge level | B50: 21
A52: Primitive | B52: =If(B50=1,100,if(B50=2,99,if(B50=3,98,if(B50=4,96,if(B50=5,91.5,if(B50=6,82,if(B50=7,64,if(B50=8,27.8,if(B50=9,13,if(B50=10,6,0)))))))))) -> 0
A53: Medieval | B53: =If(B50=2,1,if(B50=3,2,if(B50=4,4,if(B50=5,8,if(B50=6,16,if(B50=7,32,if(B50=8,64,if(B50=9,70,if(B50=10,60,if(B50=11,31.9,if(B50=12,27.5,if(B50=13,8,0)))))))))))) -> 0
A54: Early-modern | B54: =If(B50=5,0.5,if(B50=6,2,if(B50=7,4,if(B50=8,8,if(B50=9,16,if(B50=10,32,if(or(B50=11,B50=12),64,if(B50=13,75,if(B50=14,66,if(B50=15,31.75,if(B50=16,21.5,0))))))))))) -> 0
A55: Modern | B55: =if(B50=8,0.2,if(B50=9,1,if(B50=10,2,if(B50=11,4,if(B50=12,8,if(B50=13,16,if(B50=14,32,if(B50=15,64,if(B50=16,70,if(B50=17,82.95,if(B50=18,65.75,if(B50=19,31.5,0)))))))))))) -> 0
A56: Space | B56: =if(B50=11,0.1,if(B50=12,0.5,if(B50=13,1,if(B50=14,2,if(B50=15,4,if(B50=16,8,if(B50=17,16,if(B50=18,32,if(B50=19,64,if(B50=20,91,if(B50=21,81.75,if(B50=22,63.5,if(B50=23,27,0))))))))))))) -> 81.75
A57: Interstellar | B57: =if(B50=14,0.05,if(B50=15,0.25,if(B50=16,0.5,if(B50=17,1,if(B50=18,2,if(B50=19,4,if(B50=20,8,if(B50=21,16,if(B50=22,32,if(B50=23,64,if(B50=24,81.99,if(B50=25,63.95,if(B50=26,43.75,if(B50=27,31.5,if(B50=28,21,if(B50=29,7,0)))))))))))))))) -> 16
A58: Multiverse | B58: =if(B50=17,0.05,if(B50=18,0.25,if(B50=19,0.5,if(B50=20,1,if(B50=21,2,if(B50=22,4,if(B50=23,8,if(B50=24,16,if(B50=25,32,if(B50=26,50,if(B50=27,60,if(B50=28,65,if(B50=29,68,if(B50=30,59.99,if(B50=31,50.95,if(B50=32,41.75,if(B50=33,28.5,if(B50=34,12,0)))))))))))))))))) -> 2
A59: Quantum | B59: =if(B50=20,0.05,if(B50=21,0.25,if(B50=22,0.5,if(B50=23,1,if(B50=24,2,if(B50=25,4,if(B50=26,6,if(B50=27,8,if(B50=28,13,if(B50=29,23,if(B50=30,36,if(B50=31,43,if(B50=32,50,if(B50=33,58,if(B50=34,64,if(B50=35,62,0)))))))))))))))) -> 0.25
A60: Underworld | B60: =if(B50=24,0.01,if(B50=25,0.05,if(B50=26,0.25,if(B50=27,0.5,if(B50=28,1,if(B50=29,2,if(B50=30,4,if(B50=31,6,if(B50=32,8,if(B50=33,13,if(B50=34,23,if(B50=35,36,0)))))))))))) -> 0
A61: Divine | B61: =if(B50=30,0.01,if(B50=31,0.05,if(B50=32,0.25,if(B50=33,0.5,if(B50=34,1,if(B50=35,2,0)))))) -> 0
A63: substats wanted | B63: 2
A66: forge level | B66: 25
A67: forge discount | B67: 10 | C67: {=xlookup(B66,'Forge Levels'!A2:A35,'Forge Levels'!C2:C35)-(xlookup(B66,'Forge Levels'!A2:A35,'Forge Levels'!C2:C35)*(B67/100))} -> 18000000
A68: forge speed | B68: 10 | C68: {=rounddown((((xlookup(B66,'Forge Levels'!A2:A35,'Forge Levels'!D2:D35)*86400)+(xlookup(B66,'Forge Levels'!A2:A35,'Forge Levels'!E2:E35)*3600)+(xlookup(B66,'Forge Levels'!A2:A35,'Forge Levels'!F2:F35)*60))/((B68/100)+1))/86400,0)&"d:"&rounddown(((((xlookup(B66,'Forge Levels'!A2:A35,'Forge Levels'!D2:D35)*86400)+(xlookup(B66,'Forge Levels'!A2:A35,'Forge Levels'!E2:E35)*3600)+(xlookup(B66,'Forge Levels'!A2:A35,'Forge Levels'!F2:F35)*60))/((B68/100)+1))-(rounddown((((xlookup(B66,'Forge Levels'!A2:A35,'Forge Levels'!D2:D35)*86400)+(xlookup(B66,'Forge Levels'!A2:A35,'Forge Levels'!E2:E35)*3600)+(xlookup(B66,'Forge Levels'!A2:A35,'Forge Levels'!F2:F35)*60))/((B68/100)+1))/86400,0)*86400))/3600,0)&"h:"&rounddown(((((xlookup(B66,'Forge Levels'!A2:A35,'Forge Levels'!D2:D35)*86400)+(xlookup(B66,'Forge Levels'!A2:A35,'Forge Levels'!E2:E35)*3600)+(xlookup(B66,'Forge Levels'!A2:A35,'Forge Levels'!F2:F35)*60))/((B68/100)+1))-(rounddown((((xlookup(B66,'Forge Levels'!A2:A35,'Forge Levels'!D2:D35)*86400)+(xlookup(B66,'Forge Levels'!A2:A35,'Forge Levels'!E2:E35)*3600)+(xlookup(B66,'Forge Levels'!A2:A35,'Forge Levels'!F2:F35)*60))/((B68/100)+1))/3600,0)*3600))/60,0)&"m:"&rounddown(((((xlookup(B66,'Forge Levels'!A2:A35,'Forge Levels'!D2:D35)*86400)+(xlookup(B66,'Forge Levels'!A2:A35,'Forge Levels'!E2:E35)*3600)+(xlookup(B66,'Forge Levels'!A2:A35,'Forge Levels'!F2:F35)*60))/((B68/100)+1))-(rounddown((((xlookup(B66,'Forge Levels'!A2:A35,'Forge Levels'!D2:D35)*86400)+(xlookup(B66,'Forge Levels'!A2:A35,'Forge Levels'!E2:E35)*3600)+(xlookup(B66,'Forge Levels'!A2:A35,'Forge Levels'!F2:F35)*60))/((B68/100)+1))/60,0)*60))/86400,0)&"s"} -> 13d:7h:5m:0s

Sheet Profile 1
A1: Helmet | C1: Pick (k,m,b) | D1: Raw Values | F1: Armor | H1: Pick (k,m,b) | I1: Raw Values | K1: Gloves | M1: Pick (k,m,b) | N1: Raw Values | P1: Necklace | R1: Pick (k,m,b) | S1: Raw Values | U1: Ring | W1: Pick (k,m,b) | X1: Raw Values
A2: Damage | B2: 0 | C2: K | D2: =If(or(C2="k",C2="m"),if(C2="k",B2*1000,B2*1000000),B2*1000000000) -> 0 | F2: Damage | G2: 0 | H2: K | I2: =If(or(H2="k",H2="m"),if(H2="k",G2*1000,G2*1000000),G2*1000000000) -> 0 | K2: Damage | L2: 116 | M2: K | N2: =If(or(M2="k",M2="m"),if(M2="k",L2*1000,L2*1000000),L2*1000000000) -> 116000 | P2: Damage | Q2: 64 | R2: K | S2: =If(or(R2="k",R2="m"),if(R2="k",Q2*1000,Q2*1000000),Q2*1000000000) -> 64000 | U2: Damage | V2: 63 | W2: K | X2: =If(or(W2="k",W2="m"),if(W2="k",V2*1000,V2*1000000),V2*1000000000) -> 63000
A3: Health | B3: 1.05 | C3: M | D3: =If(or(C3="k",C3="m"),if(C3="k",B3*1000,B3*1000000),B3*1000000000) -> 1050000 | F3: Health | G3: 767 | H3: K | I3: =If(or(H3="k",H3="m"),if(H3="k",G3*1000,G3*1000000),G3*1000000000) -> 767000 | K3: Health | L3: 0 | M3: K | N3: =If(or(M3="k",M3="m"),if(M3="k",L3*1000,L3*1000000),L3*1000000000) -> 0 | P3: Health | Q3: 0 | R3: K | S3: =If(or(R3="k",R3="m"),if(R3="k",Q3*1000,Q3*1000000),Q3*1000000000) -> 0 | U3: Health | V3: 0 | W3: K | X3: =If(or(W3="k",W3="m"),if(W3="k",V3*1000,V3*1000000),V3*1000000000) -> 0
A4: Double chance | B4: 19.3 | F4: Damage | G4: 14.8 | K4: Ranged Dmg | L4: 11 | P4: Lifesteal | Q4: 19 | U4: Double chance | V4: 18.8
A5: Skill cooldown | B5: 4.01 | F5: Double chance | G5: 13.5 | K5: Skill cooldown | L5: 6.9 | Q5: 0 | V5: 0
A7: Weapon | F7: Boots | K7: Belt | R7: Mount | T7: Pick (k,m,b) | V7: Raw Values
A8: Damage | B8: 121 | C8: K | D8: =If(or(C8="k",C8="m"),if(C8="k",B8*1000,B8*1000000),B8*1000000000) -> 121000 | F8: Damage | G8: 0 | H8: K | I8: =If(or(H8="k",H8="m"),if(H8="k",G8*1000,G8*1000000),G8*1000000000) -> 0 | K8: Damage | L8: 0 | M8: K | N8: =If(or(M8="k",M8="m"),if(M8="k",L8*1000,L8*1000000),L8*1000000000) -> 0 | R8: Damage | S8: 0.477 | T8: K | V8: =If(or(T8="k",T8="m"),if(T8="k",S8*1000,S8*1000000),S8*1000000000) -> 477
A9: Health | B9: 0 | C9: K | D9: =If(or(C9="k",C9="m"),if(C9="k",B9*1000,B9*1000000),B9*1000000000) -> 0 | F9: Health | G9: 512 | H9: K | I9: =If(or(H9="k",H9="m"),if(H9="k",G9*1000,G9*1000000),G9*1000000000) -> 512000 | K9: Health | L9: 722 | M9: K | N9: =If(or(M9="k",M9="m"),if(M9="k",L9*1000,L9*1000000),L9*1000000000) -> 722000 | R9: Health | S9: 3.81 | T9: K | V9: =If(or(T9="k",T9="m"),if(T9="k",S9*1000,S9*1000000),S9*1000000000) -> 3810
A10: Lifesteal | B10: 5.99 | C10: Ranged | F10: Attack speed | G10: 34 | K10: Double chance | L10: 7.69 | R10: Lifesteal | S10: 19.8
A11: Ranged Dmg | B11: 8.64 | G11: 0 | K11: Attack speed | L11: 31.4 | S11: 0
A13: Pet 1 | F13: Pet 2 | K13: Pet 3
A14: Damage | B14: 245 | C14: K | D14: =If(or(C14="k",C14="m"),if(C14="k",B14*1000,B14*1000000),B14*1000000000) -> 245000 | F14: Damage | G14: 234 | H14: K | I14: =If(or(H14="k",H14="m"),if(H14="k",G14*1000,G14*1000000),G14*1000000000) -> 234000 | K14: Damage | L14: 162 | M14: K | N14: =If(or(M14="k",M14="m"),if(M14="k",L14*1000,L14*1000000),L14*1000000000) -> 162000
A15: Health | B15: 655 | C15: K | D15: =If(or(C15="k",C15="m"),if(C15="k",B15*1000,B15*1000000),B15*1000000000) -> 655000 | F15: Health | G15: 624 | H15: K | I15: =If(or(H15="k",H15="m"),if(H15="k",G15*1000,G15*1000000),G15*1000000000) -> 624000 | K15: Health | L15: 1.29 | M15: M | N15: =If(or(M15="k",M15="m"),if(M15="k",L15*1000,L15*1000000),L15*1000000000) -> 1290000
A16: Double chance | B16: 6.46 | F16: Damage | G16: 10.5 | K16: Damage | L16: 15
A17: Attack speed | B17: 8.98 | F17: Skill cooldown | G17: 4.83 | K17: Skill damage | L17: 2.29
A19: Crit chance | B19: =IF($A$4=A19,$B$4,0)+IF($A$5=A19,$B$5,0)+IF($A$10=A19,$B$10,0)+IF($A$11=A19,$B$11,0)+IF($A$16=A19,$B$16,0)+IF($A$17=A19,$B$17,0)+IF($F$4=A19,$G$4,0)+IF($F$5=A19,$G$5,0)+IF($F$10=A19,$G$10,0)+IF($F$11=A19,$G$11,0)+IF($F$16=A19,$G$16,0)+IF($F$17=A19,$G$17,0)+IF($K$4=A19,$L$4,0)+IF($K$5=A19,$L$5,0)+IF($K$10=A19,$L$10,0)+IF($K$11=A19,$L$11,0)+IF($K$16=A19,$L$16,0)+IF($K$17=A19,$L$17,0)+IF($P$4=A19,$Q$4,0)+IF($P$5=A19,$Q$5,0)+IF($R$10=A19,$S$10,0)+IF($R$11=A19,$S$11,0)+IF($U$4=A19,$V$4,0)+IF($U$5=A19,$V$5,0) -> 0 | C19: Damage | D19: Health
A20: Crit damage | B20: =IF($A$4=A20,$B$4,0)+IF($A$5=A20,$B$5,0)+IF($A$10=A20,$B$10,0)+IF($A$11=A20,$B$11,0)+IF($A$16=A20,$B$16,0)+IF($A$17=A20,$B$17,0)+IF($F$4=A20,$G$4,0)+IF($F$5=A20,$G$5,0)+IF($F$10=A20,$G$10,0)+IF($F$11=A20,$G$11,0)+IF($F$16=A20,$G$16,0)+IF($F$17=A20,$G$17,0)+IF($K$4=A20,$L$4,0)+IF($K$5=A20,$L$5,0)+IF($K$10=A20,$L$10,0)+IF($K$11=A20,$L$11,0)+IF($K$16=A20,$L$16,0)+IF($K$17=A20,$L$17,0)+IF($P$4=A20,$Q$4,0)+IF($P$5=A20,$Q$5,0)+IF($R$10=A20,$S$10,0)+IF($R$11=A20,$S$11,0)+IF($U$4=A20,$V$4,0)+IF($U$5=A20,$V$5,0) -> 0 | C20: =SUM(D2,D8,D14,I14,I8,I2,N2,N8,N14,S2,X2,V8) -> 1005477 | D20: =SUM(D3,D9,D15,I15,I9,I3,N3,N9,N15,S3,V9,X3) -> 5623810
A21: Block chance | B21: =IF($A$4=A21,$B$4,0)+IF($A$5=A21,$B$5,0)+IF($A$10=A21,$B$10,0)+IF($A$11=A21,$B$11,0)+IF($A$16=A21,$B$16,0)+IF($A$17=A21,$B$17,0)+IF($F$4=A21,$G$4,0)+IF($F$5=A21,$G$5,0)+IF($F$10=A21,$G$10,0)+IF($F$11=A21,$G$11,0)+IF($F$16=A21,$G$16,0)+IF($F$17=A21,$G$17,0)+IF($K$4=A21,$L$4,0)+IF($K$5=A21,$L$5,0)+IF($K$10=A21,$L$10,0)+IF($K$11=A21,$L$11,0)+IF($K$16=A21,$L$16,0)+IF($K$17=A21,$L$17,0)+IF($P$4=A21,$Q$4,0)+IF($P$5=A21,$Q$5,0)+IF($R$10=A21,$S$10,0)+IF($R$11=A21,$S$11,0)+IF($U$4=A21,$V$4,0)+IF($U$5=A21,$V$5,0) -> 0
A22: Regen | B22: =IF($A$4=A22,$B$4,0)+IF($A$5=A22,$B$5,0)+IF($A$10=A22,$B$10,0)+IF($A$11=A22,$B$11,0)+IF($A$16=A22,$B$16,0)+IF($A$17=A22,$B$17,0)+IF($F$4=A22,$G$4,0)+IF($F$5=A22,$G$5,0)+IF($F$10=A22,$G$10,0)+IF($F$11=A22,$G$11,0)+IF($F$16=A22,$G$16,0)+IF($F$17=A22,$G$17,0)+IF($K$4=A22,$L$4,0)+IF($K$5=A22,$L$5,0)+IF($K$10=A22,$L$10,0)+IF($K$11=A22,$L$11,0)+IF($K$16=A22,$L$16,0)+IF($K$17=A22,$L$17,0)+IF($P$4=A22,$Q$4,0)+IF($P$5=A22,$Q$5,0)+IF($R$10=A22,$S$10,0)+IF($R$11=A22,$S$11,0)+IF($U$4=A22,$V$4,0)+IF($U$5=A22,$V$5,0) -> 0
A23: Lifesteal | B23: =IF($A$4=A23,$B$4,0)+IF($A$5=A23,$B$5,0)+IF($A$10=A23,$B$10,0)+IF($A$11=A23,$B$11,0)+IF($A$16=A23,$B$16,0)+IF($A$17=A23,$B$17,0)+IF($F$4=A23,$G$4,0)+IF($F$5=A23,$G$5,0)+IF($F$10=A23,$G$10,0)+IF($F$11=A23,$G$11,0)+IF($F$16=A23,$G$16,0)+IF($F$17=A23,$G$17,0)+IF($K$4=A23,$L$4,0)+IF($K$5=A23,$L$5,0)+IF($K$10=A23,$L$10,0)+IF($K$11=A23,$L$11,0)+IF($K$16=A23,$L$16,0)+IF($K$17=A23,$L$17,0)+IF($P$4=A23,$Q$4,0)+IF($P$5=A23,$Q$5,0)+IF($R$10=A23,$S$10,0)+IF($R$11=A23,$S$11,0)+IF($U$4=A23,$V$4,0)+IF($U$5=A23,$V$5,0) -> 44.79
A24: Double chance | B24: =IF($A$4=A24,$B$4,0)+IF($A$5=A24,$B$5,0)+IF($A$10=A24,$B$10,0)+IF($A$11=A24,$B$11,0)+IF($A$16=A24,$B$16,0)+IF($A$17=A24,$B$17,0)+IF($F$4=A24,$G$4,0)+IF($F$5=A24,$G$5,0)+IF($F$10=A24,$G$10,0)+IF($F$11=A24,$G$11,0)+IF($F$16=A24,$G$16,0)+IF($F$17=A24,$G$17,0)+IF($K$4=A24,$L$4,0)+IF($K$5=A24,$L$5,0)+IF($K$10=A24,$L$10,0)+IF($K$11=A24,$L$11,0)+IF($K$16=A24,$L$16,0)+IF($K$17=A24,$L$17,0)+IF($P$4=A24,$Q$4,0)+IF($P$5=A24,$Q$5,0)+IF($R$10=A24,$S$10,0)+IF($R$11=A24,$S$11,0)+IF($U$4=A24,$V$4,0)+IF($U$5=A24,$V$5,0) -> 65.75
A25: Melee Dmg | B25: =IF($A$4=A25,$B$4,0)+IF($A$5=A25,$B$5,0)+IF($A$10=A25,$B$10,0)+IF($A$11=A25,$B$11,0)+IF($A$16=A25,$B$16,0)+IF($A$17=A25,$B$17,0)+IF($F$4=A25,$G$4,0)+IF($F$5=A25,$G$5,0)+IF($F$10=A25,$G$10,0)+IF($F$11=A25,$G$11,0)+IF($F$16=A25,$G$16,0)+IF($F$17=A25,$G$17,0)+IF($K$4=A25,$L$4,0)+IF($K$5=A25,$L$5,0)+IF($K$10=A25,$L$10,0)+IF($K$11=A25,$L$11,0)+IF($K$16=A25,$L$16,0)+IF($K$17=A25,$L$17,0)+IF($P$4=A25,$Q$4,0)+IF($P$5=A25,$Q$5,0)+IF($R$10=A25,$S$10,0)+IF($R$11=A25,$S$11,0)+IF($U$4=A25,$V$4,0)+IF($U$5=A25,$V$5,0) -> 0
A26: Ranged Dmg | B26: =IF($A$4=A26,$B$4,0)+IF($A$5=A26,$B$5,0)+IF($A$10=A26,$B$10,0)+IF($A$11=A26,$B$11,0)+IF($A$16=A26,$B$16,0)+IF($A$17=A26,$B$17,0)+IF($F$4=A26,$G$4,0)+IF($F$5=A26,$G$5,0)+IF($F$10=A26,$G$10,0)+IF($F$11=A26,$G$11,0)+IF($F$16=A26,$G$16,0)+IF($F$17=A26,$G$17,0)+IF($K$4=A26,$L$4,0)+IF($K$5=A26,$L$5,0)+IF($K$10=A26,$L$10,0)+IF($K$11=A26,$L$11,0)+IF($K$16=A26,$L$16,0)+IF($K$17=A26,$L$17,0)+IF($P$4=A26,$Q$4,0)+IF($P$5=A26,$Q$5,0)+IF($R$10=A26,$S$10,0)+IF($R$11=A26,$S$11,0)+IF($U$4=A26,$V$4,0)+IF($U$5=A26,$V$5,0) -> 19.64
A27: Damage | B27: =IF($A$4=A27,$B$4,0)+IF($A$5=A27,$B$5,0)+IF($A$10=A27,$B$10,0)+IF($A$11=A27,$B$11,0)+IF($A$16=A27,$B$16,0)+IF($A$17=A27,$B$17,0)+IF($F$4=A27,$G$4,0)+IF($F$5=A27,$G$5,0)+IF($F$10=A27,$G$10,0)+IF($F$11=A27,$G$11,0)+IF($F$16=A27,$G$16,0)+IF($F$17=A27,$G$17,0)+IF($K$4=A27,$L$4,0)+IF($K$5=A27,$L$5,0)+IF($K$10=A27,$L$10,0)+IF($K$11=A27,$L$11,0)+IF($K$16=A27,$L$16,0)+IF($K$17=A27,$L$17,0)+IF($P$4=A27,$Q$4,0)+IF($P$5=A27,$Q$5,0)+IF($R$10=A27,$S$10,0)+IF($R$11=A27,$S$11,0)+IF($U$4=A27,$V$4,0)+IF($U$5=A27,$V$5,0) -> 40.3
A28: Attack speed | B28: =IF($A$4=A28,$B$4,0)+IF($A$5=A28,$B$5,0)+IF($A$10=A28,$B$10,0)+IF($A$11=A28,$B$11,0)+IF($A$16=A28,$B$16,0)+IF($A$17=A28,$B$17,0)+IF($F$4=A28,$G$4,0)+IF($F$5=A28,$G$5,0)+IF($F$10=A28,$G$10,0)+IF($F$11=A28,$G$11,0)+IF($F$16=A28,$G$16,0)+IF($F$17=A28,$G$17,0)+IF($K$4=A28,$L$4,0)+IF($K$5=A28,$L$5,0)+IF($K$10=A28,$L$10,0)+IF($K$11=A28,$L$11,0)+IF($K$16=A28,$L$16,0)+IF($K$17=A28,$L$17,0)+IF($P$4=A28,$Q$4,0)+IF($P$5=A28,$Q$5,0)+IF($R$10=A28,$S$10,0)+IF($R$11=A28,$S$11,0)+IF($U$4=A28,$V$4,0)+IF($U$5=A28,$V$5,0) -> 74.38
A29: Health | B29: =IF($A$4=A29,$B$4,0)+IF($A$5=A29,$B$5,0)+IF($A$10=A29,$B$10,0)+IF($A$11=A29,$B$11,0)+IF($A$16=A29,$B$16,0)+IF($A$17=A29,$B$17,0)+IF($F$4=A29,$G$4,0)+IF($F$5=A29,$G$5,0)+IF($F$10=A29,$G$10,0)+IF($F$11=A29,$G$11,0)+IF($F$16=A29,$G$16,0)+IF($F$17=A29,$G$17,0)+IF($K$4=A29,$L$4,0)+IF($K$5=A29,$L$5,0)+IF($K$10=A29,$L$10,0)+IF($K$11=A29,$L$11,0)+IF($K$16=A29,$L$16,0)+IF($K$17=A29,$L$17,0)+IF($P$4=A29,$Q$4,0)+IF($P$5=A29,$Q$5,0)+IF($R$10=A29,$S$10,0)+IF($R$11=A29,$S$11,0)+IF($U$4=A29,$V$4,0)+IF($U$5=A29,$V$5,0) -> 0
A30: Skill damage | B30: =IF($A$4=A30,$B$4,0)+IF($A$5=A30,$B$5,0)+IF($A$10=A30,$B$10,0)+IF($A$11=A30,$B$11,0)+IF($A$16=A30,$B$16,0)+IF($A$17=A30,$B$17,0)+IF($F$4=A30,$G$4,0)+IF($F$5=A30,$G$5,0)+IF($F$10=A30,$G$10,0)+IF($F$11=A30,$G$11,0)+IF($F$16=A30,$G$16,0)+IF($F$17=A30,$G$17,0)+IF($K$4=A30,$L$4,0)+IF($K$5=A30,$L$5,0)+IF($K$10=A30,$L$10,0)+IF($K$11=A30,$L$11,0)+IF($K$16=A30,$L$16,0)+IF($K$17=A30,$L$17,0)+IF($P$4=A30,$Q$4,0)+IF($P$5=A30,$Q$5,0)+IF($R$10=A30,$S$10,0)+IF($R$11=A30,$S$11,0)+IF($U$4=A30,$V$4,0)+IF($U$5=A30,$V$5,0) -> 2.29
A31: Skill cooldown | B31: =IF($A$4=A31,$B$4,0)+IF($A$5=A31,$B$5,0)+IF($A$10=A31,$B$10,0)+IF($A$11=A31,$B$11,0)+IF($A$16=A31,$B$16,0)+IF($A$17=A31,$B$17,0)+IF($F$4=A31,$G$4,0)+IF($F$5=A31,$G$5,0)+IF($F$10=A31,$G$10,0)+IF($F$11=A31,$G$11,0)+IF($F$16=A31,$G$16,0)+IF($F$17=A31,$G$17,0)+IF($K$4=A31,$L$4,0)+IF($K$5=A31,$L$5,0)+IF($K$10=A31,$L$10,0)+IF($K$11=A31,$L$11,0)+IF($K$16=A31,$L$16,0)+IF($K$17=A31,$L$17,0)+IF($P$4=A31,$Q$4,0)+IF($P$5=A31,$Q$5,0)+IF($R$10=A31,$S$10,0)+IF($R$11=A31,$S$11,0)+IF($U$4=A31,$V$4,0)+IF($U$5=A31,$V$5,0) -> 15.74

Sheet Profile 2
A1: Helmet | C1: Pick (k,m,b) | D1: Raw Values | F1: Armor | H1: Pick (k,m,b) | I1: Raw Values | K1: Gloves | M1: Pick (k,m,b) | N1: Raw Values | P1: Necklace | R1: Pick (k,m,b) | S1: Raw Values | U1: Ring | W1: Pick (k,m,b) | X1: Raw Values
A2: Damage | B2: 0 | C2: K | D2: =If(or(C2="k",C2="m"),if(C2="k",B2*1000,B2*1000000),B2*1000000000) -> 0 | F2: Damage | G2: 0 | H2: K | I2: =If(or(H2="k",H2="m"),if(H2="k",G2*1000,G2*1000000),G2*1000000000) -> 0 | K2: Damage | L2: 116 | M2: K | N2: =If(or(M2="k",M2="m"),if(M2="k",L2*1000,L2*1000000),L2*1000000000) -> 116000 | P2: Damage | Q2: 64 | R2: K | S2: =If(or(R2="k",R2="m"),if(R2="k",Q2*1000,Q2*1000000),Q2*1000000000) -> 64000 | U2: Damage | V2: 63 | W2: K | X2: =If(or(W2="k",W2="m"),if(W2="k",V2*1000,V2*1000000),V2*1000000000) -> 63000
A3: Health | B3: 1.05 | C3: M | D3: =If(or(C3="k",C3="m"),if(C3="k",B3*1000,B3*1000000),B3*1000000000) -> 1050000 | F3: Health | G3: 767 | H3: K | I3: =If(or(H3="k",H3="m"),if(H3="k",G3*1000,G3*1000000),G3*1000000000) -> 767000 | K3: Health | L3: 0 | M3: K | N3: =If(or(M3="k",M3="m"),if(M3="k",L3*1000,L3*1000000),L3*1000000000) -> 0 | P3: Health | Q3: 0 | R3: K | S3: =If(or(R3="k",R3="m"),if(R3="k",Q3*1000,Q3*1000000),Q3*1000000000) -> 0 | U3: Health | V3: 0 | W3: K | X3: =If(or(W3="k",W3="m"),if(W3="k",V3*1000,V3*1000000),V3*1000000000) -> 0
A4: Double chance | B4: 19.3 | F4: Damage | G4: 14.8 | K4: Ranged Dmg | L4: 11 | P4: Lifesteal | Q4: 19 | U4: Double chance | V4: 18.8
A5: Skill cooldown | B5: 4.01 | F5: Double chance | G5: 13.5 | K5: Skill cooldown | L5: 6.9 | Q5: 0 | V5: 0
A7: Weapon | F7: Boots | K7: Belt | R7: Mount | T7: Pick (k,m,b) | V7: Raw Values
A8: Damage | B8: 121 | C8: K | D8: =If(or(C8="k",C8="m"),if(C8="k",B8*1000,B8*1000000),B8*1000000000) -> 121000 | F8: Damage | G8: 0 | H8: K | I8: =If(or(H8="k",H8="m"),if(H8="k",G8*1000,G8*1000000),G8*1000000000) -> 0 | K8: Damage | L8: 0 | M8: K | N8: =If(or(M8="k",M8="m"),if(M8="k",L8*1000,L8*1000000),L8*1000000000) -> 0 | R8: Damage | S8: 0.477 | T8: K | V8: =If(or(T8="k",T8="m"),if(T8="k",S8*1000,S8*1000000),S8*1000000000) -> 477
A9: Health | B9: 0 | C9: K | D9: =If(or(C9="k",C9="m"),if(C9="k",B9*1000,B9*1000000),B9*1000000000) -> 0 | F9: Health | G9: 512 | H9: K | I9: =If(or(H9="k",H9="m"),if(H9="k",G9*1000,G9*1000000),G9*1000000000) -> 512000 | K9: Health | L9: 722 | M9: K | N9: =If(or(M9="k",M9="m"),if(M9="k",L9*1000,L9*1000000),L9*1000000000) -> 722000 | R9: Health | S9: 3.81 | T9: K | V9: =If(or(T9="k",T9="m"),if(T9="k",S9*1000,S9*1000000),S9*1000000000) -> 3810
A10: Lifesteal | B10: 5.99 | C10: Ranged | F10: Attack speed | G10: 34 | K10: Double chance | L10: 7.69 | R10: Lifesteal | S10: 19.8
A11: Ranged Dmg | B11: 8.64 | G11: 0 | K11: Attack speed | L11: 31.4 | S11: 0
A13: Pet 1 | F13: Pet 2 | K13: Pet 3
A14: Damage | B14: 245 | C14: K | D14: =If(or(C14="k",C14="m"),if(C14="k",B14*1000,B14*1000000),B14*1000000000) -> 245000 | F14: Damage | G14: 234 | H14: K | I14: =If(or(H14="k",H14="m"),if(H14="k",G14*1000,G14*1000000),G14*1000000000) -> 234000 | K14: Damage | L14: 162 | M14: K | N14: =If(or(M14="k",M14="m"),if(M14="k",L14*1000,L14*1000000),L14*1000000000) -> 162000
A15: Health | B15: 655 | C15: K | D15: =If(or(C15="k",C15="m"),if(C15="k",B15*1000,B15*1000000),B15*1000000000) -> 655000 | F15: Health | G15: 624 | H15: K | I15: =If(or(H15="k",H15="m"),if(H15="k",G15*1000,G15*1000000),G15*1000000000) -> 624000 | K15: Health | L15: 1.29 | M15: M | N15: =If(or(M15="k",M15="m"),if(M15="k",L15*1000,L15*1000000),L15*1000000000) -> 1290000
A16: Double chance | B16: 6.46 | F16: Damage | G16: 10.5 | K16: Damage | L16: 15
A17: Attack speed | B17: 8.98 | F17: Skill cooldown | G17: 4.83 | K17: Skill damage | L17: 2.29
A19: Crit chance | B19: =IF($A$4=A19,$B$4,0)+IF($A$5=A19,$B$5,0)+IF($A$10=A19,$B$10,0)+IF($A$11=A19,$B$11,0)+IF($A$16=A19,$B$16,0)+IF($A$17=A19,$B$17,0)+IF($F$4=A19,$G$4,0)+IF($F$5=A19,$G$5,0)+IF($F$10=A19,$G$10,0)+IF($F$11=A19,$G$11,0)+IF($F$16=A19,$G$16,0)+IF($F$17=A19,$G$17,0)+IF($K$4=A19,$L$4,0)+IF($K$5=A19,$L$5,0)+IF($K$10=A19,$L$10,0)+IF($K$11=A19,$L$11,0)+IF($K$16=A19,$L$16,0)+IF($K$17=A19,$L$17,0)+IF($P$4=A19,$Q$4,0)+IF($P$5=A19,$Q$5,0)+IF($R$10=A19,$S$10,0)+IF($R$11=A19,$S$11,0)+IF($U$4=A19,$V$4,0)+IF($U$5=A19,$V$5,0) -> 0 | C19: Damage | D19: Health
A20: Crit damage | B20: =IF($A$4=A20,$B$4,0)+IF($A$5=A20,$B$5,0)+IF($A$10=A20,$B$10,0)+IF($A$11=A20,$B$11,0)+IF($A$16=A20,$B$16,0)+IF($A$17=A20,$B$17,0)+IF($F$4=A20,$G$4,0)+IF($F$5=A20,$G$5,0)+IF($F$10=A20,$G$10,0)+IF($F$11=A20,$G$11,0)+IF($F$16=A20,$G$16,0)+IF($F$17=A20,$G$17,0)+IF($K$4=A20,$L$4,0)+IF($K$5=A20,$L$5,0)+IF($K$10=A20,$L$10,0)+IF($K$11=A20,$L$11,0)+IF($K$16=A20,$L$16,0)+IF($K$17=A20,$L$17,0)+IF($P$4=A20,$Q$4,0)+IF($P$5=A20,$Q$5,0)+IF($R$10=A20,$S$10,0)+IF($R$11=A20,$S$11,0)+IF($U$4=A20,$V$4,0)+IF($U$5=A20,$V$5,0) -> 0 | C20: =SUM(D2,D8,D14,I14,I8,I2,N2,N8,N14,S2,X2,V8) -> 1005477 | D20: =SUM(D3,D9,D15,I15,I9,I3,N3,N9,N15,S3,V9,X3) -> 5623810
A21: Block chance | B21: =IF($A$4=A21,$B$4,0)+IF($A$5=A21,$B$5,0)+IF($A$10=A21,$B$10,0)+IF($A$11=A21,$B$11,0)+IF($A$16=A21,$B$16,0)+IF($A$17=A21,$B$17,0)+IF($F$4=A21,$G$4,0)+IF($F$5=A21,$G$5,0)+IF($F$10=A21,$G$10,0)+IF($F$11=A21,$G$11,0)+IF($F$16=A21,$G$16,0)+IF($F$17=A21,$G$17,0)+IF($K$4=A21,$L$4,0)+IF($K$5=A21,$L$5,0)+IF($K$10=A21,$L$10,0)+IF($K$11=A21,$L$11,0)+IF($K$16=A21,$L$16,0)+IF($K$17=A21,$L$17,0)+IF($P$4=A21,$Q$4,0)+IF($P$5=A21,$Q$5,0)+IF($R$10=A21,$S$10,0)+IF($R$11=A21,$S$11,0)+IF($U$4=A21,$V$4,0)+IF($U$5=A21,$V$5,0) -> 0
A22: Regen | B22: =IF($A$4=A22,$B$4,0)+IF($A$5=A22,$B$5,0)+IF($A$10=A22,$B$10,0)+IF($A$11=A22,$B$11,0)+IF($A$16=A22,$B$16,0)+IF($A$17=A22,$B$17,0)+IF($F$4=A22,$G$4,0)+IF($F$5=A22,$G$5,0)+IF($F$10=A22,$G$10,0)+IF($F$11=A22,$G$11,0)+IF($F$16=A22,$G$16,0)+IF($F$17=A22,$G$17,0)+IF($K$4=A22,$L$4,0)+IF($K$5=A22,$L$5,0)+IF($K$10=A22,$L$10,0)+IF($K$11=A22,$L$11,0)+IF($K$16=A22,$L$16,0)+IF($K$17=A22,$L$17,0)+IF($P$4=A22,$Q$4,0)+IF($P$5=A22,$Q$5,0)+IF($R$10=A22,$S$10,0)+IF($R$11=A22,$S$11,0)+IF($U$4=A22,$V$4,0)+IF($U$5=A22,$V$5,0) -> 0
A23: Lifesteal | B23: =IF($A$4=A23,$B$4,0)+IF($A$5=A23,$B$5,0)+IF($A$10=A23,$B$10,0)+IF($A$11=A23,$B$11,0)+IF($A$16=A23,$B$16,0)+IF($A$17=A23,$B$17,0)+IF($F$4=A23,$G$4,0)+IF($F$5=A23,$G$5,0)+IF($F$10=A23,$G$10,0)+IF($F$11=A23,$G$11,0)+IF($F$16=A23,$G$16,0)+IF($F$17=A23,$G$17,0)+IF($K$4=A23,$L$4,0)+IF($K$5=A23,$L$5,0)+IF($K$10=A23,$L$10,0)+IF($K$11=A23,$L$11,0)+IF($K$16=A23,$L$16,0)+IF($K$17=A23,$L$17,0)+IF($P$4=A23,$Q$4,0)+IF($P$5=A23,$Q$5,0)+IF($R$10=A23,$S$10,0)+IF($R$11=A23,$S$11,0)+IF($U$4=A23,$V$4,0)+IF($U$5=A23,$V$5,0) -> 44.79
A24: Double chance | B24: =IF($A$4=A24,$B$4,0)+IF($A$5=A24,$B$5,0)+IF($A$10=A24,$B$10,0)+IF($A$11=A24,$B$11,0)+IF($A$16=A24,$B$16,0)+IF($A$17=A24,$B$17,0)+IF($F$4=A24,$G$4,0)+IF($F$5=A24,$G$5,0)+IF($F$10=A24,$G$10,0)+IF($F$11=A24,$G$11,0)+IF($F$16=A24,$G$16,0)+IF($F$17=A24,$G$17,0)+IF($K$4=A24,$L$4,0)+IF($K$5=A24,$L$5,0)+IF($K$10=A24,$L$10,0)+IF($K$11=A24,$L$11,0)+IF($K$16=A24,$L$16,0)+IF($K$17=A24,$L$17,0)+IF($P$4=A24,$Q$4,0)+IF($P$5=A24,$Q$5,0)+IF($R$10=A24,$S$10,0)+IF($R$11=A24,$S$11,0)+IF($U$4=A24,$V$4,0)+IF($U$5=A24,$V$5,0) -> 65.75
A25: Melee Dmg | B25: =IF($A$4=A25,$B$4,0)+IF($A$5=A25,$B$5,0)+IF($A$10=A25,$B$10,0)+IF($A$11=A25,$B$11,0)+IF($A$16=A25,$B$16,0)+IF($A$17=A25,$B$17,0)+IF($F$4=A25,$G$4,0)+IF($F$5=A25,$G$5,0)+IF($F$10=A25,$G$10,0)+IF($F$11=A25,$G$11,0)+IF($F$16=A25,$G$16,0)+IF($F$17=A25,$G$17,0)+IF($K$4=A25,$L$4,0)+IF($K$5=A25,$L$5,0)+IF($K$10=A25,$L$10,0)+IF($K$11=A25,$L$11,0)+IF($K$16=A25,$L$16,0)+IF($K$17=A25,$L$17,0)+IF($P$4=A25,$Q$4,0)+IF($P$5=A25,$Q$5,0)+IF($R$10=A25,$S$10,0)+IF($R$11=A25,$S$11,0)+IF($U$4=A25,$V$4,0)+IF($U$5=A25,$V$5,0) -> 0
A26: Ranged Dmg | B26: =IF($A$4=A26,$B$4,0)+IF($A$5=A26,$B$5,0)+IF($A$10=A26,$B$10,0)+IF($A$11=A26,$B$11,0)+IF($A$16=A26,$B$16,0)+IF($A$17=A26,$B$17,0)+IF($F$4=A26,$G$4,0)+IF($F$5=A26,$G$5,0)+IF($F$10=A26,$G$10,0)+IF($F$11=A26,$G$11,0)+IF($F$16=A26,$G$16,0)+IF($F$17=A26,$G$17,0)+IF($K$4=A26,$L$4,0)+IF($K$5=A26,$L$5,0)+IF($K$10=A26,$L$10,0)+IF($K$11=A26,$L$11,0)+IF($K$16=A26,$L$16,0)+IF($K$17=A26,$L$17,0)+IF($P$4=A26,$Q$4,0)+IF($P$5=A26,$Q$5,0)+IF($R$10=A26,$S$10,0)+IF($R$11=A26,$S$11,0)+IF($U$4=A26,$V$4,0)+IF($U$5=A26,$V$5,0) -> 19.64
A27: Damage | B27: =IF($A$4=A27,$B$4,0)+IF($A$5=A27,$B$5,0)+IF($A$10=A27,$B$10,0)+IF($A$11=A27,$B$11,0)+IF($A$16=A27,$B$16,0)+IF($A$17=A27,$B$17,0)+IF($F$4=A27,$G$4,0)+IF($F$5=A27,$G$5,0)+IF($F$10=A27,$G$10,0)+IF($F$11=A27,$G$11,0)+IF($F$16=A27,$G$16,0)+IF($F$17=A27,$G$17,0)+IF($K$4=A27,$L$4,0)+IF($K$5=A27,$L$5,0)+IF($K$10=A27,$L$10,0)+IF($K$11=A27,$L$11,0)+IF($K$16=A27,$L$16,0)+IF($K$17=A27,$L$17,0)+IF($P$4=A27,$Q$4,0)+IF($P$5=A27,$Q$5,0)+IF($R$10=A27,$S$10,0)+IF($R$11=A27,$S$11,0)+IF($U$4=A27,$V$4,0)+IF($U$5=A27,$V$5,0) -> 40.3
A28: Attack speed | B28: =IF($A$4=A28,$B$4,0)+IF($A$5=A28,$B$5,0)+IF($A$10=A28,$B$10,0)+IF($A$11=A28,$B$11,0)+IF($A$16=A28,$B$16,0)+IF($A$17=A28,$B$17,0)+IF($F$4=A28,$G$4,0)+IF($F$5=A28,$G$5,0)+IF($F$10=A28,$G$10,0)+IF($F$11=A28,$G$11,0)+IF($F$16=A28,$G$16,0)+IF($F$17=A28,$G$17,0)+IF($K$4=A28,$L$4,0)+IF($K$5=A28,$L$5,0)+IF($K$10=A28,$L$10,0)+IF($K$11=A28,$L$11,0)+IF($K$16=A28,$L$16,0)+IF($K$17=A28,$L$17,0)+IF($P$4=A28,$Q$4,0)+IF($P$5=A28,$Q$5,0)+IF($R$10=A28,$S$10,0)+IF($R$11=A28,$S$11,0)+IF($U$4=A28,$V$4,0)+IF($U$5=A28,$V$5,0) -> 74.38
A29: Health | B29: =IF($A$4=A29,$B$4,0)+IF($A$5=A29,$B$5,0)+IF($A$10=A29,$B$10,0)+IF($A$11=A29,$B$11,0)+IF($A$16=A29,$B$16,0)+IF($A$17=A29,$B$17,0)+IF($F$4=A29,$G$4,0)+IF($F$5=A29,$G$5,0)+IF($F$10=A29,$G$10,0)+IF($F$11=A29,$G$11,0)+IF($F$16=A29,$G$16,0)+IF($F$17=A29,$G$17,0)+IF($K$4=A29,$L$4,0)+IF($K$5=A29,$L$5,0)+IF($K$10=A29,$L$10,0)+IF($K$11=A29,$L$11,0)+IF($K$16=A29,$L$16,0)+IF($K$17=A29,$L$17,0)+IF($P$4=A29,$Q$4,0)+IF($P$5=A29,$Q$5,0)+IF($R$10=A29,$S$10,0)+IF($R$11=A29,$S$11,0)+IF($U$4=A29,$V$4,0)+IF($U$5=A29,$V$5,0) -> 0
A30: Skill damage | B30: =IF($A$4=A30,$B$4,0)+IF($A$5=A30,$B$5,0)+IF($A$10=A30,$B$10,0)+IF($A$11=A30,$B$11,0)+IF($A$16=A30,$B$16,0)+IF($A$17=A30,$B$17,0)+IF($F$4=A30,$G$4,0)+IF($F$5=A30,$G$5,0)+IF($F$10=A30,$G$10,0)+IF($F$11=A30,$G$11,0)+IF($F$16=A30,$G$16,0)+IF($F$17=A30,$G$17,0)+IF($K$4=A30,$L$4,0)+IF($K$5=A30,$L$5,0)+IF($K$10=A30,$L$10,0)+IF($K$11=A30,$L$11,0)+IF($K$16=A30,$L$16,0)+IF($K$17=A30,$L$17,0)+IF($P$4=A30,$Q$4,0)+IF($P$5=A30,$Q$5,0)+IF($R$10=A30,$S$10,0)+IF($R$11=A30,$S$11,0)+IF($U$4=A30,$V$4,0)+IF($U$5=A30,$V$5,0) -> 2.29
A31: Skill cooldown | B31: =IF($A$4=A31,$B$4,0)+IF($A$5=A31,$B$5,0)+IF($A$10=A31,$B$10,0)+IF($A$11=A31,$B$11,0)+IF($A$16=A31,$B$16,0)+IF($A$17=A31,$B$17,0)+IF($F$4=A31,$G$4,0)+IF($F$5=A31,$G$5,0)+IF($F$10=A31,$G$10,0)+IF($F$11=A31,$G$11,0)+IF($F$16=A31,$G$16,0)+IF($F$17=A31,$G$17,0)+IF($K$4=A31,$L$4,0)+IF($K$5=A31,$L$5,0)+IF($K$10=A31,$L$10,0)+IF($K$11=A31,$L$11,0)+IF($K$16=A31,$L$16,0)+IF($K$17=A31,$L$17,0)+IF($P$4=A31,$Q$4,0)+IF($P$5=A31,$Q$5,0)+IF($R$10=A31,$S$10,0)+IF($R$11=A31,$S$11,0)+IF($U$4=A31,$V$4,0)+IF($U$5=A31,$V$5,0) -> 15.74

Sheet Profile 3
A1: Helmet | C1: Pick (k,m,b) | D1: Raw Values | F1: Armor | H1: Pick (k,m,b) | I1: Raw Values | K1: Gloves | M1: Pick (k,m,b) | N1: Raw Values | P1: Necklace | R1: Pick (k,m,b) | S1: Raw Values | U1: Ring | W1: Pick (k,m,b) | X1: Raw Values
A2: Damage | B2: 0 | C2: K | D2: =If(or(C2="k",C2="m"),if(C2="k",B2*1000,B2*1000000),B2*1000000000) -> 0 | F2: Damage | G2: 0 | H2: K | I2: =If(or(H2="k",H2="m"),if(H2="k",G2*1000,G2*1000000),G2*1000000000) -> 0 | K2: Damage | L2: 116 | M2: K | N2: =If(or(M2="k",M2="m"),if(M2="k",L2*1000,L2*1000000),L2*1000000000) -> 116000 | P2: Damage | Q2: 64 | R2: K | S2: =If(or(R2="k",R2="m"),if(R2="k",Q2*1000,Q2*1000000),Q2*1000000000) -> 64000 | U2: Damage | V2: 63 | W2: K | X2: =If(or(W2="k",W2="m"),if(W2="k",V2*1000,V2*1000000),V2*1000000000) -> 63000
A3: Health | B3: 1.05 | C3: M | D3: =If(or(C3="k",C3="m"),if(C3="k",B3*1000,B3*1000000),B3*1000000000) -> 1050000 | F3: Health | G3: 767 | H3: K | I3: =If(or(H3="k",H3="m"),if(H3="k",G3*1000,G3*1000000),G3*1000000000) -> 767000 | K3: Health | L3: 0 | M3: K | N3: =If(or(M3="k",M3="m"),if(M3="k",L3*1000,L3*1000000),L3*1000000000) -> 0 | P3: Health | Q3: 0 | R3: K | S3: =If(or(R3="k",R3="m"),if(R3="k",Q3*1000,Q3*1000000),Q3*1000000000) -> 0 | U3: Health | V3: 0 | W3: K | X3: =If(or(W3="k",W3="m"),if(W3="k",V3*1000,V3*1000000),V3*1000000000) -> 0
A4: Double chance | B4: 19.3 | F4: Damage | G4: 14.8 | K4: Ranged Dmg | L4: 11 | P4: Lifesteal | Q4: 19 | U4: Double chance | V4: 18.8
A5: Skill cooldown | B5: 4.01 | F5: Double chance | G5: 13.5 | K5: Skill cooldown | L5: 6.9 | Q5: 0 | V5: 0
A7: Weapon | F7: Boots | K7: Belt | R7: Mount | T7: Pick (k,m,b) | V7: Raw Values
A8: Damage | B8: 121 | C8: K | D8: =If(or(C8="k",C8="m"),if(C8="k",B8*1000,B8*1000000),B8*1000000000) -> 121000 | F8: Damage | G8: 0 | H8: K | I8: =If(or(H8="k",H8="m"),if(H8="k",G8*1000,G8*1000000),G8*1000000000) -> 0 | K8: Damage | L8: 0 | M8: K | N8: =If(or(M8="k",M8="m"),if(M8="k",L8*1000,L8*1000000),L8*1000000000) -> 0 | R8: Damage | S8: 0.477 | T8: K | V8: =If(or(T8="k",T8="m"),if(T8="k",S8*1000,S8*1000000),S8*1000000000) -> 477
A9: Health | B9: 0 | C9: K | D9: =If(or(C9="k",C9="m"),if(C9="k",B9*1000,B9*1000000),B9*1000000000) -> 0 | F9: Health | G9: 512 | H9: K | I9: =If(or(H9="k",H9="m"),if(H9="k",G9*1000,G9*1000000),G9*1000000000) -> 512000 | K9: Health | L9: 722 | M9: K | N9: =If(or(M9="k",M9="m"),if(M9="k",L9*1000,L9*1000000),L9*1000000000) -> 722000 | R9: Health | S9: 3.81 | T9: K | V9: =If(or(T9="k",T9="m"),if(T9="k",S9*1000,S9*1000000),S9*1000000000) -> 3810
A10: Lifesteal | B10: 5.99 | C10: Ranged | F10: Attack speed | G10: 34 | K10: Double chance | L10: 7.69 | R10: Lifesteal | S10: 19.8
A11: Ranged Dmg | B11: 8.64 | G11: 0 | K11: Attack speed | L11: 31.4 | S11: 0
A13: Pet 1 | F13: Pet 2 | K13: Pet 3
A14: Damage | B14: 245 | C14: K | D14: =If(or(C14="k",C14="m"),if(C14="k",B14*1000,B14*1000000),B14*1000000000) -> 245000 | F14: Damage | G14: 234 | H14: K | I14: =If(or(H14="k",H14="m"),if(H14="k",G14*1000,G14*1000000),G14*1000000000) -> 234000 | K14: Damage | L14: 162 | M14: K | N14: =If(or(M14="k",M14="m"),if(M14="k",L14*1000,L14*1000000),L14*1000000000) -> 162000
A15: Health | B15: 655 | C15: K | D15: =If(or(C15="k",C15="m"),if(C15="k",B15*1000,B15*1000000),B15*1000000000) -> 655000 | F15: Health | G15: 624 | H15: K | I15: =If(or(H15="k",H15="m"),if(H15="k",G15*1000,G15*1000000),G15*1000000000) -> 624000 | K15: Health | L15: 1.29 | M15: M | N15: =If(or(M15="k",M15="m"),if(M15="k",L15*1000,L15*1000000),L15*1000000000) -> 1290000
A16: Double chance | B16: 6.46 | F16: Damage | G16: 10.5 | K16: Damage | L16: 15
A17: Attack speed | B17: 8.98 | F17: Skill cooldown | G17: 4.83 | K17: Skill damage | L17: 2.29
A19: Crit chance | B19: =IF($A$4=A19,$B$4,0)+IF($A$5=A19,$B$5,0)+IF($A$10=A19,$B$10,0)+IF($A$11=A19,$B$11,0)+IF($A$16=A19,$B$16,0)+IF($A$17=A19,$B$17,0)+IF($F$4=A19,$G$4,0)+IF($F$5=A19,$G$5,0)+IF($F$10=A19,$G$10,0)+IF($F$11=A19,$G$11,0)+IF($F$16=A19,$G$16,0)+IF($F$17=A19,$G$17,0)+IF($K$4=A19,$L$4,0)+IF($K$5=A19,$L$5,0)+IF($K$10=A19,$L$10,0)+IF($K$11=A19,$L$11,0)+IF($K$16=A19,$L$16,0)+IF($K$17=A19,$L$17,0)+IF($P$4=A19,$Q$4,0)+IF($P$5=A19,$Q$5,0)+IF($R$10=A19,$S$10,0)+IF($R$11=A19,$S$11,0)+IF($U$4=A19,$V$4,0)+IF($U$5=A19,$V$5,0) -> 0 | C19: Damage | D19: Health
A20: Crit damage | B20: =IF($A$4=A20,$B$4,0)+IF($A$5=A20,$B$5,0)+IF($A$10=A20,$B$10,0)+IF($A$11=A20,$B$11,0)+IF($A$16=A20,$B$16,0)+IF($A$17=A20,$B$17,0)+IF($F$4=A20,$G$4,0)+IF($F$5=A20,$G$5,0)+IF($F$10=A20,$G$10,0)+IF($F$11=A20,$G$11,0)+IF($F$16=A20,$G$16,0)+IF($F$17=A20,$G$17,0)+IF($K$4=A20,$L$4,0)+IF($K$5=A20,$L$5,0)+IF($K$10=A20,$L$10,0)+IF($K$11=A20,$L$11,0)+IF($K$16=A20,$L$16,0)+IF($K$17=A20,$L$17,0)+IF($P$4=A20,$Q$4,0)+IF($P$5=A20,$Q$5,0)+IF($R$10=A20,$S$10,0)+IF($R$11=A20,$S$11,0)+IF($U$4=A20,$V$4,0)+IF($U$5=A20,$V$5,0) -> 0 | C20: =SUM(D2,D8,D14,I14,I8,I2,N2,N8,N14,S2,X2,V8) -> 1005477 | D20: =SUM(D3,D9,D15,I15,I9,I3,N3,N9,N15,S3,V9,X3) -> 5623810
A21: Block chance | B21: =IF($A$4=A21,$B$4,0)+IF($A$5=A21,$B$5,0)+IF($A$10=A21,$B$10,0)+IF($A$11=A21,$B$11,0)+IF($A$16=A21,$B$16,0)+IF($A$17=A21,$B$17,0)+IF($F$4=A21,$G$4,0)+IF($F$5=A21,$G$5,0)+IF($F$10=A21,$G$10,0)+IF($F$11=A21,$G$11,0)+IF($F$16=A21,$G$16,0)+IF($F$17=A21,$G$17,0)+IF($K$4=A21,$L$4,0)+IF($K$5=A21,$L$5,0)+IF($K$10=A21,$L$10,0)+IF($K$11=A21,$L$11,0)+IF($K$16=A21,$L$16,0)+IF($K$17=A21,$L$17,0)+IF($P$4=A21,$Q$4,0)+IF($P$5=A21,$Q$5,0)+IF($R$10=A21,$S$10,0)+IF($R$11=A21,$S$11,0)+IF($U$4=A21,$V$4,0)+IF($U$5=A21,$V$5,0) -> 0
A22: Regen | B22: =IF($A$4=A22,$B$4,0)+IF($A$5=A22,$B$5,0)+IF($A$10=A22,$B$10,0)+IF($A$11=A22,$B$11,0)+IF($A$16=A22,$B$16,0)+IF($A$17=A22,$B$17,0)+IF($F$4=A22,$G$4,0)+IF($F$5=A22,$G$5,0)+IF($F$10=A22,$G$10,0)+IF($F$11=A22,$G$11,0)+IF($F$16=A22,$G$16,0)+IF($F$17=A22,$G$17,0)+IF($K$4=A22,$L$4,0)+IF($K$5=A22,$L$5,0)+IF($K$10=A22,$L$10,0)+IF($K$11=A22,$L$11,0)+IF($K$16=A22,$L$16,0)+IF($K$17=A22,$L$17,0)+IF($P$4=A22,$Q$4,0)+IF($P$5=A22,$Q$5,0)+IF($R$10=A22,$S$10,0)+IF($R$11=A22,$S$11,0)+IF($U$4=A22,$V$4,0)+IF($U$5=A22,$V$5,0) -> 0
A23: Lifesteal | B23: =IF($A$4=A23,$B$4,0)+IF($A$5=A23,$B$5,0)+IF($A$10=A23,$B$10,0)+IF($A$11=A23,$B$11,0)+IF($A$16=A23,$B$16,0)+IF($A$17=A23,$B$17,0)+IF($F$4=A23,$G$4,0)+IF($F$5=A23,$G$5,0)+IF($F$10=A23,$G$10,0)+IF($F$11=A23,$G$11,0)+IF($F$16=A23,$G$16,0)+IF($F$17=A23,$G$17,0)+IF($K$4=A23,$L$4,0)+IF($K$5=A23,$L$5,0)+IF($K$10=A23,$L$10,0)+IF($K$11=A23,$L$11,0)+IF($K$16=A23,$L$16,0)+IF($K$17=A23,$L$17,0)+IF($P$4=A23,$Q$4,0)+IF($P$5=A23,$Q$5,0)+IF($R$10=A23,$S$10,0)+IF($R$11=A23,$S$11,0)+IF($U$4=A23,$V$4,0)+IF($U$5=A23,$V$5,0) -> 44.79
A24: Double chance | B24: =IF($A$4=A24,$B$4,0)+IF($A$5=A24,$B$5,0)+IF($A$10=A24,$B$10,0)+IF($A$11=A24,$B$11,0)+IF($A$16=A24,$B$16,0)+IF($A$17=A24,$B$17,0)+IF($F$4=A24,$G$4,0)+IF($F$5=A24,$G$5,0)+IF($F$10=A24,$G$10,0)+IF($F$11=A24,$G$11,0)+IF($F$16=A24,$G$16,0)+IF($F$17=A24,$G$17,0)+IF($K$4=A24,$L$4,0)+IF($K$5=A24,$L$5,0)+IF($K$10=A24,$L$10,0)+IF($K$11=A24,$L$11,0)+IF($K$16=A24,$L$16,0)+IF($K$17=A24,$L$17,0)+IF($P$4=A24,$Q$4,0)+IF($P$5=A24,$Q$5,0)+IF($R$10=A24,$S$10,0)+IF($R$11=A24,$S$11,0)+IF($U$4=A24,$V$4,0)+IF($U$5=A24,$V$5,0) -> 65.75
A25: Melee Dmg | B25: =IF($A$4=A25,$B$4,0)+IF($A$5=A25,$B$5,0)+IF($A$10=A25,$B$10,0)+IF($A$11=A25,$B$11,0)+IF($A$16=A25,$B$16,0)+IF($A$17=A25,$B$17,0)+IF($F$4=A25,$G$4,0)+IF($F$5=A25,$G$5,0)+IF($F$10=A25,$G$10,0)+IF($F$11=A25,$G$11,0)+IF($F$16=A25,$G$16,0)+IF($F$17=A25,$G$17,0)+IF($K$4=A25,$L$4,0)+IF($K$5=A25,$L$5,0)+IF($K$10=A25,$L$10,0)+IF($K$11=A25,$L$11,0)+IF($K$16=A25,$L$16,0)+IF($K$17=A25,$L$17,0)+IF($P$4=A25,$Q$4,0)+IF($P$5=A25,$Q$5,0)+IF($R$10=A25,$S$10,0)+IF($R$11=A25,$S$11,0)+IF($U$4=A25,$V$4,0)+IF($U$5=A25,$V$5,0) -> 0
A26: Ranged Dmg | B26: =IF($A$4=A26,$B$4,0)+IF($A$5=A26,$B$5,0)+IF($A$10=A26,$B$10,0)+IF($A$11=A26,$B$11,0)+IF($A$16=A26,$B$16,0)+IF($A$17=A26,$B$17,0)+IF($F$4=A26,$G$4,0)+IF($F$5=A26,$G$5,0)+IF($F$10=A26,$G$10,0)+IF($F$11=A26,$G$11,0)+IF($F$16=A26,$G$16,0)+IF($F$17=A26,$G$17,0)+IF($K$4=A26,$L$4,0)+IF($K$5=A26,$L$5,0)+IF($K$10=A26,$L$10,0)+IF($K$11=A26,$L$11,0)+IF($K$16=A26,$L$16,0)+IF($K$17=A26,$L$17,0)+IF($P$4=A26,$Q$4,0)+IF($P$5=A26,$Q$5,0)+IF($R$10=A26,$S$10,0)+IF($R$11=A26,$S$11,0)+IF($U$4=A26,$V$4,0)+IF($U$5=A26,$V$5,0) -> 19.64
A27: Damage | B27: =IF($A$4=A27,$B$4,0)+IF($A$5=A27,$B$5,0)+IF($A$10=A27,$B$10,0)+IF($A$11=A27,$B$11,0)+IF($A$16=A27,$B$16,0)+IF($A$17=A27,$B$17,0)+IF($F$4=A27,$G$4,0)+IF($F$5=A27,$G$5,0)+IF($F$10=A27,$G$10,0)+IF($F$11=A27,$G$11,0)+IF($F$16=A27,$G$16,0)+IF($F$17=A27,$G$17,0)+IF($K$4=A27,$L$4,0)+IF($K$5=A27,$L$5,0)+IF($K$10=A27,$L$10,0)+IF($K$11=A27,$L$11,0)+IF($K$16=A27,$L$16,0)+IF($K$17=A27,$L$17,0)+IF($P$4=A27,$Q$4,0)+IF($P$5=A27,$Q$5,0)+IF($R$10=A27,$S$10,0)+IF($R$11=A27,$S$11,0)+IF($U$4=A27,$V$4,0)+IF($U$5=A27,$V$5,0) -> 40.3
A28: Attack speed | B28: =IF($A$4=A28,$B$4,0)+IF($A$5=A28,$B$5,0)+IF($A$10=A28,$B$10,0)+IF($A$11=A28,$B$11,0)+IF($A$16=A28,$B$16,0)+IF($A$17=A28,$B$17,0)+IF($F$4=A28,$G$4,0)+IF($F$5=A28,$G$5,0)+IF($F$10=A28,$G$10,0)+IF($F$11=A28,$G$11,0)+IF($F$16=A28,$G$16,0)+IF($F$17=A28,$G$17,0)+IF($K$4=A28,$L$4,0)+IF($K$5=A28,$L$5,0)+IF($K$10=A28,$L$10,0)+IF($K$11=A28,$L$11,0)+IF($K$16=A28,$L$16,0)+IF($K$17=A28,$L$17,0)+IF($P$4=A28,$Q$4,0)+IF($P$5=A28,$Q$5,0)+IF($R$10=A28,$S$10,0)+IF($R$11=A28,$S$11,0)+IF($U$4=A28,$V$4,0)+IF($U$5=A28,$V$5,0) -> 74.38
A29: Health | B29: =IF($A$4=A29,$B$4,0)+IF($A$5=A29,$B$5,0)+IF($A$10=A29,$B$10,0)+IF($A$11=A29,$B$11,0)+IF($A$16=A29,$B$16,0)+IF($A$17=A29,$B$17,0)+IF($F$4=A29,$G$4,0)+IF($F$5=A29,$G$5,0)+IF($F$10=A29,$G$10,0)+IF($F$11=A29,$G$11,0)+IF($F$16=A29,$G$16,0)+IF($F$17=A29,$G$17,0)+IF($K$4=A29,$L$4,0)+IF($K$5=A29,$L$5,0)+IF($K$10=A29,$L$10,0)+IF($K$11=A29,$L$11,0)+IF($K$16=A29,$L$16,0)+IF($K$17=A29,$L$17,0)+IF($P$4=A29,$Q$4,0)+IF($P$5=A29,$Q$5,0)+IF($R$10=A29,$S$10,0)+IF($R$11=A29,$S$11,0)+IF($U$4=A29,$V$4,0)+IF($U$5=A29,$V$5,0) -> 0
A30: Skill damage | B30: =IF($A$4=A30,$B$4,0)+IF($A$5=A30,$B$5,0)+IF($A$10=A30,$B$10,0)+IF($A$11=A30,$B$11,0)+IF($A$16=A30,$B$16,0)+IF($A$17=A30,$B$17,0)+IF($F$4=A30,$G$4,0)+IF($F$5=A30,$G$5,0)+IF($F$10=A30,$G$10,0)+IF($F$11=A30,$G$11,0)+IF($F$16=A30,$G$16,0)+IF($F$17=A30,$G$17,0)+IF($K$4=A30,$L$4,0)+IF($K$5=A30,$L$5,0)+IF($K$10=A30,$L$10,0)+IF($K$11=A30,$L$11,0)+IF($K$16=A30,$L$16,0)+IF($K$17=A30,$L$17,0)+IF($P$4=A30,$Q$4,0)+IF($P$5=A30,$Q$5,0)+IF($R$10=A30,$S$10,0)+IF($R$11=A30,$S$11,0)+IF($U$4=A30,$V$4,0)+IF($U$5=A30,$V$5,0) -> 2.29
A31: Skill cooldown | B31: =IF($A$4=A31,$B$4,0)+IF($A$5=A31,$B$5,0)+IF($A$10=A31,$B$10,0)+IF($A$11=A31,$B$11,0)+IF($A$16=A31,$B$16,0)+IF($A$17=A31,$B$17,0)+IF($F$4=A31,$G$4,0)+IF($F$5=A31,$G$5,0)+IF($F$10=A31,$G$10,0)+IF($F$11=A31,$G$11,0)+IF($F$16=A31,$G$16,0)+IF($F$17=A31,$G$17,0)+IF($K$4=A31,$L$4,0)+IF($K$5=A31,$L$5,0)+IF($K$10=A31,$L$10,0)+IF($K$11=A31,$L$11,0)+IF($K$16=A31,$L$16,0)+IF($K$17=A31,$L$17,0)+IF($P$4=A31,$Q$4,0)+IF($P$5=A31,$Q$5,0)+IF($R$10=A31,$S$10,0)+IF($R$11=A31,$S$11,0)+IF($U$4=A31,$V$4,0)+IF($U$5=A31,$V$5,0) -> 15.74

Sheet Regenlifestealdps
A1: profile 1 | D1: profile 2 | G1: profile 3
A2: Damage | B2: ='Profile Comparison'!D4 -> 1639668.1 | D2: Damage | E2: ='Profile Comparison'!I4 -> 1639668.1 | G2: Damage | H2: ='Profile Comparison'!N4 -> 1639668.1
A3: Health | B3: ='Profile Comparison'!D5 -> 5838048.1 | D3: Health | E3: ='Profile Comparison'!I5 -> 5838048.1 | G3: Health | H3: ='Profile Comparison'!N5 -> 5838048.1
A4: Regen | B4: ='Profile Comparison'!B7 -> 0 | C4: Atks/sec? | D4: Regen | E4: ='Profile Comparison'!G7 -> 0 | F4: Atks/sec? | G4: Regen | H4: ='Profile Comparison'!L7 -> 0 | I4: Atks/sec?
A5: Attack speed | B5: ='Profile Comparison'!B13 -> 74.38 | C5: =if(B5>400,0.5,IF(B5>275,0.6,if(B5>200,0.7,if(B5>150,0.8,if(B5>114,0.9,if(B5>87.5,1,if(B5>66.7,1.1,if(B5>50,1.2,if(B5>36.4,1.3,if(B5>25,1.4,if(B5>15.4,1.5,if(B5>7.1,1.6,1.7)))))))))))) -> 1.1 | D5: Attack speed | E5: ='Profile Comparison'!G13 -> 74.38 | F5: =if(E5>400,0.5,IF(E5>275,0.6,if(E5>200,0.7,if(E5>150,0.8,if(E5>114,0.9,if(E5>87.5,1,if(E5>66.7,1.1,if(E5>50,1.2,if(E5>36.4,1.3,if(E5>25,1.4,if(E5>15.4,1.5,if(E5>7.1,1.6,1.7)))))))))))) -> 1.1 | G5: Attack speed | H5: ='Profile Comparison'!L13 -> 74.38 | I5: =if(H5>400,0.5,IF(H5>275,0.6,if(H5>200,0.7,if(H5>150,0.8,if(H5>114,0.9,if(H5>87.5,1,if(H5>66.7,1.1,if(H5>50,1.2,if(H5>36.4,1.3,if(H5>25,1.4,if(H5>15.4,1.5,if(H5>7.1,1.6,1.7)))))))))))) -> 1.1
A6: Double chance | B6: ='Profile Comparison'!B9 -> 65.75 | D6: Double chance | E6: ='Profile Comparison'!G9 -> 65.75 | G6: Double chance | H6: ='Profile Comparison'!L9 -> 65.75
A7: Lifesteal | B7: ='Profile Comparison'!B8 -> 44.79 | D7: Lifesteal | E7: ='Profile Comparison'!G8 -> 44.79 | G7: Lifesteal | H7: ='Profile Comparison'!L8 -> 44.79
A8: Crit chance | B8: ='Profile Comparison'!B4 -> 0 | D8: Crit chance | E8: ='Profile Comparison'!G4 -> 0 | G8: Crit chance | H8: ='Profile Comparison'!L4 -> 0
A9: Crit damage | B9: ='Profile Comparison'!B5 -> 0 | D9: Crit damage | E9: ='Profile Comparison'!G5 -> 0 | G9: Crit damage | H9: ='Profile Comparison'!L5 -> 0
B11: This calculator is to check if your regen will be higher when changing equipment | G11: Lifesteal calculator. For damage put what it says on your profile without the million or billion
B14: Health | C14: Regen | G14: profile 1 | H14: profile 2 | I14: profile 3
A15: profile 1 | B15: =B3 -> 5838048.1 | C15: =B4 -> 0 | D15: =(B15*(C15/100)) -> 0 | F15: Damage | G15: =B2 -> 1639668.1 | H15: =E2 -> 1639668.1 | I15: =H2 -> 1639668.1
A16: profile 2 | B16: =E3 -> 5838048.1 | C16: =E4 -> 0 | D16: =(B16*(C16/100)) -> 0 | F16: Attack speed | G16: =B5 -> 74.38 | H16: =E5 -> 74.38 | I16: =H5 -> 74.38
A17: profile 3 | B17: =H3 -> 5838048.1 | C17: =H4 -> 0 | D17: =(B17*(C17/100)) -> 0 | F17: Double chance | G17: =B6 -> 65.75 | H17: =E6 -> 65.75 | I17: =H6 -> 65.75
F18: Lifesteal | G18: =B7 -> 44.79 | H18: =E7 -> 44.79 | I18: =H7 -> 44.79
F19: Health per attack | G19: =(G15)*(G18/100) -> 734407.34 | H19: =(H15)*(H18/100) -> 734407.34 | I19: =(I15)*(I18/100) -> 734407.34
F20: Health per second | G20: =round(((1)/(C5/((G17+100)/100))*(G19)),0) -> 1106618 | H20: =round(((1)/(F5/((H17+100)/100))*(H19)),0) -> 1106618 | I20: =round(((1)/(I5/((I17+100)/100))*(I19)),0) -> 1106618
F21: Crit chance | G21: =B8 -> 0 | H21: =E8 -> 0 | I21: =H8 -> 0
F22: Crit damage | G22: =B9 -> 0 | H22: =E9 -> 0 | I22: =H9 -> 0
F23: Health per crit | G23: =((G15)*((G22+120)/100)*(G18/100)) -> 881288.81 | H23: =((H15)*((H22+120)/100)*(H18/100)) -> 881288.81 | I23: =((I15)*((I22+120)/100)*(I18/100)) -> 881288.81
F24: Health per second | G24: =round(((1)/(C5/((G17+100)/100))*((G19*((100-min(100,G21))/100))+(G23*(min(100,G21)/100)))),0) -> 1106618 | H24: =round(((1)/(F5/((H17+100)/100))*((H19*((100-min(100,H21))/100))+(H23*(min(100,H21)/100)))),0) -> 1106618 | I24: =round(((1)/(I5/((I17+100)/100))*((I19*((100-min(100,I21))/100))+(I23*(min(100,I21)/100)))),0) -> 1106618
F25: Damage per second | G25: =(((((1*G15)/(C5))*((G17/100)+1))*((100-min(100,G21))/100))+((((1*G15)/(C5))*((G17/100)+1))*((min(100,G21)/100)*((120+G22)/100)))) -> 2470681.7 | H25: =(((((1*H15)/(F5))*((H17/100)+1))*((100-min(100,H21))/100))+((((1*H15)/(F5))*((H17/100)+1))*((min(100,H21)/100)*((120+H22)/100)))) -> 2470681.7 | I25: =(((((1*I15)/(I5))*((I17/100)+1))*((100-MIN(100,I21))/100))+((((1*I15)/(I5))*((I17/100)+1))*((MIN(100,I21)/100)*((120+I22)/100)))) -> 2470681.7

Sheet Gear probability
A1: Primitive | B1: ='Profile Comparison'!B52 -> 0
A2: Medieval | B2: ='Profile Comparison'!B53 -> 0
A3: Early-modern | B3: ='Profile Comparison'!B54 -> 0
A4: Modern | B4: ='Profile Comparison'!B55 -> 0
A5: Space | B5: ='Profile Comparison'!B56 -> 81.75
A6: Interstellar | B6: ='Profile Comparison'!B57 -> 16
A7: Multiverse | B7: ='Profile Comparison'!B58 -> 2
A8: Quantum | B8: ='Profile Comparison'!B59 -> 0.25
A9: Underworld | B9: ='Profile Comparison'!B60 -> 0
A10: Divine | B10: ='Profile Comparison'!B61 -> 0
A11: substats wanted | B11: 2
A13: Both correct | B13: 1 in chance | C13: Percent chance | E13: One correct | F13: 1 in chance | G13: Percent chance
A14: Modern | B14: x | C14: x | E14: Modern | F14: =if(B4=0,0,"1 in "&round(((13/$B$11)*(100/B4)),2)) -> 0 | G14: =if(B4=0,0,round((100/((13/$B$11)*(100/B4))),4)&"%") -> 0
A15: Space | B15: x | C15: x | E15: Space | F15: =if(B5=0,0,"1 in "&round(((13/$B$11)*(100/B5)),2)) -> 1 in 7.95 | G15: =if(B5=0,0,round((100/((13/$B$11)*(100/B5))),4)&"%") -> 12.5769%
A16: Interstellar | B16: x | C16: x | E16: Interstellar | F16: =if(B6=0,0,"1 in "&round(((13/$B$11)*(100/B6)),2)) -> 1 in 40.63 | G16: =if(B6=0,0,round((100/((13/$B$11)*(100/B6))),4)&"%") -> 2.4615%
A17: Multiverse | B17: x | C17: x | E17: Multiverse | F17: =if(B7=0,0,"1 in "&round(((13/$B$11)*(100/B7)),2)) -> 1 in 325 | G17: =if(B7=0,0,round((100/((13/$B$11)*(100/B7))),4)&"%") -> 0.3077%
A18: Quantum | B18: =if(B8=0,0,"1 in "&round((((13/$B$11)*(12/($B$11-1)))*(100/B8)),2)) -> 1 in 31200 | C18: =if(B8=0,0,round((100/(((13/$B$11)*(12/($B$11-1)))*(100/B8))),4)&"%") -> 0.0032% | E18: Quantum | F18: =if(B8=0,0,"1 in "&round(((13*12)/(($B$11*13)+($B$11*12)-($B$11^2))*(100/B8)),2)) -> 1 in 1356.52 | G18: =if(B8=0,0,round((100/(round((13*12)/(($B$11*13)+($B$11*12)-($B$11^2)),2)*(100/B8))),4)&"%") -> 0.0737%
A19: Underworld | B19: =if(B9=0,0,"1 in "&round((((13/$B$11)*(12/($B$11-1)))*(100/B9)),2)) -> 0 | C19: =if(B9=0,0,round((100/(((13/$B$11)*(12/($B$11-1)))*(100/B9))),4)&"%") -> 0 | E19: Underworld | F19: =if(B9=0,0,"1 in "&round(((13*12)/(($B$11*13)+($B$11*12)-($B$11^2))*(100/B9)),2)) -> 0 | G19: =if(B9=0,0,round((100/(round((13*12)/(($B$11*13)+($B$11*12)-($B$11^2)),2)*(100/B9))),4)&"%") -> 0
A20: Divine | B20: =if(B10=0,0,"1 in "&round((((13/$B$11)*(12/($B$11-1)))*(100/B10)),2)) -> 0 | C20: =if(B10=0,0,round((100/(((13/$B$11)*(12/($B$11-1)))*(100/B10))),4)&"%") -> 0 | E20: Divine | F20: =if(B10=0,0,"1 in "&round(((13*12)/(($B$11*13)+($B$11*12)-($B$11^2))*(100/B10)),2)) -> 0 | G20: =if(B10=0,0,round((100/(round((13*12)/(($B$11*13)+($B$11*12)-($B$11^2)),2)*(100/B10))),4)&"%") -> 0
A21: pet chance 1 stat | B21: x | C21: x | E21: pet chance 1 stat | F21: ="1 in "&round((13/$B$11),2) -> 1 in 6.5 | G21: =round((100/(13/$B$11)),4)&"%" -> 15.3846%
A22: pet chance 2 stats | B22: ="1 in "&round(((13/$B$11)*(12/($B$11-1))),2) -> 1 in 78 | C22: =round((100/((13/$B$11)*(12/($B$11-1)))),4)&"%" -> 1.2821% | E22: pet chance 2 stats | F22: ="1 in "&round((13*12)/(($B$11*13)+($B$11*12)-($B$11^2)),2) -> 1 in 3.39 | G22: =round((100/round((13*12)/(($B$11*13)+($B$11*12)-($B$11^2)),2)),4)&"%" -> 29.4985%

Sheet Forge Levels
A1: Forge to forge levels | C1: cost | D1: days | E1: hours | F1: minutes
A2: 1 | B2: =A2+1 -> 2 | C2: 400 | F2: 5
A3: =A2+1 -> 2 | B3: =A3+1 -> 3 | C3: 700 | F3: 15
A4: =A3+1 -> 3 | B4: =A4+1 -> 4 | C4: 1500 | F4: 30
A5: =A4+1 -> 4 | B5: =A5+1 -> 5 | C5: 3500 | E5: 1
A6: =A5+1 -> 5 | B6: =A6+1 -> 6 | C6: 10000 | E6: 2
A7: =A6+1 -> 6 | B7: =A7+1 -> 7 | C7: 25000 | E7: 7 | F7: 33
A8: =A7+1 -> 7 | B8: =A8+1 -> 8 | C8: 50000 | E8: 13 | F8: 6
A9: =A8+1 -> 8 | B9: =A9+1 -> 9 | C9: 100000 | E9: 18 | F9: 39
A10: =A9+1 -> 9 | B10: =A10+1 -> 10 | C10: 150000 | D10: 1 | F10: 13
A11: =A10+1 -> 10 | B11: =A11+1 -> 11 | C11: 250000 | D11: 1 | E11: 11
A12: =A11+1 -> 11 | B12: =A12+1 -> 12 | C12: 336000 | D12: 2 | E12: 1
A13: =A12+1 -> 12 | B13: =A13+1 -> 13 | C13: 452000 | D13: 2 | E13: 17
A14: =A13+1 -> 13 | B14: =A14+1 -> 14 | C14: 612000 | D14: 3 | E14: 13
A15: =A14+1 -> 14 | B15: =A15+1 -> 15 | C15: 830000 | D15: 4 | E15: 11
A16: =A15+1 -> 15 | B16: =A16+1 -> 16 | C16: 1120000 | D16: 5 | E16: 9
A17: =A16+1 -> 16 | B17: =A17+1 -> 17 | C17: 1512000 | D17: 6 | E17: 7
A18: =A17+1 -> 17 | B18: =A18+1 -> 18 | C18: 2037000 | D18: 7 | E18: 6
A19: =A18+1 -> 18 | B19: =A19+1 -> 19 | C19: 2752000 | D19: 8 | E19: 4
A20: =A19+1 -> 19 | B20: =A20+1 -> 20 | C20: 3717000 | D20: 9 | E20: 2
A21: =A20+1 -> 20 | B21: =A21+1 -> 21 | C21: 5020000 | D21: 10 | F21: 53
A22: =A21+1 -> 21 | B22: =A22+1 -> 22 | C22: 6780000 | D22: 10 | E22: 23
A23: =A22+1 -> 22 | B23: =A23+1 -> 23 | C23: 9160000 | D23: 11 | E23: 21
A24: =A23+1 -> 23 | B24: =A24+1 -> 24 | C24: 12300000 | D24: 12 | E24: 19
A25: =A24+1 -> 24 | B25: =A25+1 -> 25 | C25: 16600000 | D25: 13 | E25: 17
A26: =A25+1 -> 25 | B26: =A26+1 -> 26 | C26: 20000000 | D26: 14 | E26: 15
A27: =A26+1 -> 26 | B27: =A27+1 -> 27 | C27: 24000000 | D27: 15 | E27: 14
A28: =A27+1 -> 27 | B28: =A28+1 -> 28 | C28: 28800000 | D28: 16 | E28: 12
A29: =A28+1 -> 28 | B29: =A29+1 -> 29 | C29: 34600000 | D29: 17 | E29: 10
A30: =A29+1 -> 29 | B30: =A30+1 -> 30 | C30: 41500000 | D30: 18 | E30: 8
A31: =A30+1 -> 30 | B31: =A31+1 -> 31 | C31: 49800000 | D31: 19 | E31: 7
A32: =A31+1 -> 31 | B32: =A32+1 -> 32 | C32: 59800000 | D32: 20 | E32: 5
A33: =A32+1 -> 32 | B33: =A33+1 -> 33 | C33: 71700000 | D33: 21 | E33: 3
A34: =A33+1 -> 33 | B34: =A34+1 -> 34 | C34: 86100000 | D34: 22 | E34: 1
A35: =A34+1 -> 34 | B35: =A35+1 -> 35 | C35: 103000000 | D35: 23
